{
  "$otSharedSchema": "#/pipette/schemas/2/pipetteLiquidPropertiesSchema.json",
  "supportedTips": {
    "t50": {
      "defaultAspirateFlowRate": 478,
      "defaultDispenseFlowRate": 160,
      "defaultBlowOutFlowRate": 160,
      "defaultTipLength": 57.9,
      "defaultTipOverlap": 10.5,
      "defaultReturnTipHeight": 0.71,
      "aspirate": {
        "default": [
          [0.598667, 5.492916, 0.238012],
          [1.008667, 4.441331, 0.867561],
          [1.703333, 3.134903, 2.185311],
          [2.148, 2.093612, 3.958978],
          [2.630667, 1.531735, 5.165890],
          [2.968667, 0.130993, 8.850773],
          [3.040667, -6.20796, 27.669014],
          [3.212, 0.534702, 7.166826],
          [3.542, 1.528965, 3.973251],
          [4.394, 1.677278, 3.447926],
          [5.366, 0.947649, 6.653918],
          [6.161333, 0.32074, 10.017910],
          [8.794667, 0.274041, 10.305637],
          [10.542667, 0.161462, 11.295736],
          [13.850667, 0.104161, 11.899836],
          [22.955333, 0.053443, 12.602318],
          [29.402, 0.027894, 13.188802],
          [47.971333, 0.015576, 13.550976],
          [54.092, 0.006549, 13.984019]
        ]
      },
      "dispense": {
        "default": [
          [0.598667, 5.492916, 0.238012],
          [1.008667, 4.441331, 0.867561],
          [1.703333, 3.134903, 2.185311],
          [2.148, 2.093612, 3.958978],
          [2.630667, 1.531735, 5.165890],
          [2.968667, 0.130993, 8.850773],
          [3.040667, -6.20796, 27.669014],
          [3.212, 0.534702, 7.166826],
          [3.542, 1.528965, 3.973251],
          [4.394, 1.677278, 3.447926],
          [5.366, 0.947649, 6.653918],
          [6.161333, 0.32074, 10.017910],
          [8.794667, 0.274041, 10.305637],
          [10.542667, 0.161462, 11.295736],
          [13.850667, 0.104161, 11.899836],
          [22.955333, 0.053443, 12.602318],
          [29.402, 0.027894, 13.188802],
          [47.971333, 0.015576, 13.550976],
          [54.092, 0.006549, 13.984019]
        ]
      },
      "defaultBlowoutVolume": 3.2
    },
    "t200": {
      "defaultAspirateFlowRate": 716,
      "defaultDispenseFlowRate": 160,
      "defaultBlowOutFlowRate": 160,
      "defaultTipLength": 58.35,
      "defaultTipOverlap": 10.5,
      "defaultReturnTipHeight": 0.71,
      "aspirate": {
        "default": [
          [0.1983, -15.5377, 4.4239],
          [0.2467, 1.5308, 1.0387],
          [0.285, -0.563, 1.5551],
          [1.395, 3.9759, 0.2615],
          [2.22, 2.4705, 2.3617],
          [3.01, 1.5233, 4.4644],
          [3.975, 1.1548, 5.5735],
          [4.99, 0.6825, 7.4508],
          [6.2033, 0.5072, 8.326],
          [7.6183, 0.3622, 9.2251],
          [9.3183, 0.2822, 9.8345],
          [11.305, 0.1951, 10.6468],
          [13.575, 0.1202, 11.4935],
          [16.2267, 0.0827, 12.0016],
          [19.4583, 0.0802, 12.0431],
          [23.33, 0.0692, 12.2572],
          [27.765, 0.0373, 13.0009],
          [33.1483, 0.0402, 12.9213],
          [39.3683, 0.0227, 13.5002],
          [46.82, 0.022, 13.5259],
          [55.5967, 0.0159, 13.8114],
          [65.8433, 0.0103, 14.1256],
          [77.925, 0.0078, 14.2893],
          [92.1383, 0.0057, 14.4522],
          [108.7467, 0.0033, 14.6725],
          [128.425, 0.0033, 14.6798],
          [151.605, 0.0025, 14.7791],
          [178.705, 0.0013, 14.953],
          [210.66, 0.0012, 14.9867]
        ]
      },
      "dispense": {
        "default": [
          [0.1983, -15.5377, 4.4239],
          [0.2467, 1.5308, 1.0387],
          [0.285, -0.563, 1.5551],
          [1.395, 3.9759, 0.2615],
          [2.22, 2.4705, 2.3617],
          [3.01, 1.5233, 4.4644],
          [3.975, 1.1548, 5.5735],
          [4.99, 0.6825, 7.4508],
          [6.2033, 0.5072, 8.326],
          [7.6183, 0.3622, 9.2251],
          [9.3183, 0.2822, 9.8345],
          [11.305, 0.1951, 10.6468],
          [13.575, 0.1202, 11.4935],
          [16.2267, 0.0827, 12.0016],
          [19.4583, 0.0802, 12.0431],
          [23.33, 0.0692, 12.2572],
          [27.765, 0.0373, 13.0009],
          [33.1483, 0.0402, 12.9213],
          [39.3683, 0.0227, 13.5002],
          [46.82, 0.022, 13.5259],
          [55.5967, 0.0159, 13.8114],
          [65.8433, 0.0103, 14.1256],
          [77.925, 0.0078, 14.2893],
          [92.1383, 0.0057, 14.4522],
          [108.7467, 0.0033, 14.6725],
          [128.425, 0.0033, 14.6798],
          [151.605, 0.0025, 14.7791],
          [178.705, 0.0013, 14.953],
          [210.66, 0.0012, 14.9867]
        ]
      },
      "defaultBlowoutVolume": 16
    },
    "t1000": {
      "defaultAspirateFlowRate": 716,
      "defaultDispenseFlowRate": 160,
      "defaultBlowOutFlowRate": 160,
      "defaultTipLength": 95.6,
      "defaultTipOverlap": 10.5,
      "defaultReturnTipHeight": 0.82,
      "aspirate": {
        "default": [
          [1.9100,0.5737,0.1543],
          [2.8800,0.4134,0.4606],
          [4.8400,0.2985,0.7914],
          [9.7500,0.3091,0.7400],
          [11.7000,-0.1534,5.2496],
          [14.8900,-0.0264,3.7640],
          [51.4100,0.1869,0.5870],
          [92.8600,0.1585,2.0480],
          [112.2400,0.0825,9.1032],
          [243.3600,0.1424,2.3781],
          [356.2100,0.0927,14.4911],
          [430.7200,0.0371,34.2709],
          [628.6000,0.0502,28.6250],
          [1001.0000,0.0490,29.3953],
          [1105.3800,-0.0024,80.8447]

        ]
      },
      "dispense": {
        "default": [
          [1.9100,0.5737,0.1543],
          [2.8800,0.4134,0.4606],
          [4.8400,0.2985,0.7914],
          [9.7500,0.3091,0.7400],
          [11.7000,-0.1534,5.2496],
          [14.8900,-0.0264,3.7640],
          [51.4100,0.1869,0.5870],
          [92.8600,0.1585,2.0480],
          [112.2400,0.0825,9.1032],
          [243.3600,0.1424,2.3781],
          [356.2100,0.0927,14.4911],
          [430.7200,0.0371,34.2709],
          [628.6000,0.0502,28.6250],
          [1001.0000,0.0490,29.3953],
          [1105.3800,-0.0024,80.8447]

        ]
      },
      "defaultBlowoutVolume": 16
    }
  },
  "maxVolume": 1000,
  "minVolume": 1,
  "defaultTipracks": [
    "opentrons/opentrons_flex_96_tiprack_1000ul/1",
    "opentrons/opentrons_flex_96_tiprack_200ul/1",
    "opentrons/opentrons_flex_96_tiprack_50ul/1"
  ]
}
